{
    "coord": {
        "lon": -0.1257,
        "lat": 51.5085
    },
    "weather": [
        {
            "id": 804,
            "main": "Clouds",
            "description": "overcast clouds",
            "icon": "04d"
        }
    ],
    "base": "stations",
    "main": {
        "temp": 15.23,
        "feels_like": 14.22,
        "temp_min": 13.86,
        "temp_max": 15.86,
        "pressure": 1016,
        "humidity": 54
    },
    "visibility": 10000,
    "wind": {
        "speed": 6.17,
        "deg": 60
    },
    "clouds": {
        "all": 100
    },
    "dt": 1650388379,
    "sys": {
        "type": 2,
        "id": 2019646,
        "country": "GB",
        "sunrise": 1650344182,
        "sunset": 1650394951
    },
    "timezone": 3600,
    "id": 2643743,
    "name": "London",
    "cod": 200
}
